customerID,ChurnCategory,ChurnReason
9998-HXKO,Competitor,Competitor made better offer
4441-WTBT,Competitor,Competitor made better offer
7160-LCLC,Other,Moved
3404-PVOS,Competitor,Competitor made better offer
5053-TIAA,Competitor,Competitor had better devices
0536-HHVP,Competitor,Competitor offered higher download speeds
9770-VPWI,Attitude,Attitude of support person
4132-IHWC,Competitor,Competitor had better devices
8198-RCTF,Attitude,Attitude of support person
8570-SXEK,Dissatisfaction,Network reliability
8833-XHNY,Other,Don't know
3028-WEEF,Other,Don't know
0941-DZOC,Competitor,Competitor had better devices
8924-QHOG,Dissatisfaction,Service dissatisfaction
1875-TWXL,Competitor,Competitor had better devices
4348-HBUG,Competitor,Competitor had better devices
4113-HFIV,Dissatisfaction,Product dissatisfaction
9593-ALKB,Other,Don't know
7208-YLRW,Competitor,Competitor made better offer
0803-WVCJ,Dissatisfaction,Poor expertise of online support
1855-HKRM,Price,Price too high
5031-ZBSA,Competitor,Competitor had better devices
7967-MCTP,Attitude,Attitude of support person
6236-FNFH,Dissatisfaction,Network reliability
5377-TZAV,Dissatisfaction,Limited range of services
8708-PTFP,Price,Lack of affordable download/upload speed
0456-YCYY,Price,Long distance charges
5879-XLWM,Competitor,Competitor had better devices
4089-RBEL,Price,Price too high
2144-GJXU,Competitor,Competitor had better devices
9971-YEZD,Dissatisfaction,Service dissatisfaction
4120-REOY,Attitude,Attitude of support person
1193-SLDB,Dissatisfaction,Network reliability
6654-VJTW,Other,Don't know
3795-BATD,Other,Don't know
8406-NANY,Other,Don't know
8289-YYQE,Dissatisfaction,Poor expertise of online support
1259-PAGJ,Competitor,Competitor made better offer
7507-BFJR,Competitor,Competitor made better offer
5598-YIKV,Competitor,Competitor made better offer
1753-LLGC,Competitor,Competitor made better offer
8967-ZTRX,Attitude,Attitude of support person
1151-RZCI,Competitor,Competitor made better offer
2239-SOGT,Other,Don't know
7890-EXWN,Competitor,Competitor made better offer
1557-GSPG,Competitor,Competitor made better offer
3015-DALS,Other,Don't know
8092-ZSSK,Competitor,Competitor made better offer
5229-OAPS,Competitor,Competitor made better offer
2582-ZYIL,Competitor,Competitor made better offer
4425-UNOK,Competitor,Competitor made better offer
3110-PUWY,Competitor,Competitor made better offer
7912-TRXF,Other,Don't know
7403-HTOY,Competitor,Competitor made better offer
4058-REIE,Competitor,Competitor made better offer
6819-ORJV,Competitor,Competitor made better offer
9976-AHJN,Competitor,Competitor made better offer
0756-BGMW,Competitor,Competitor made better offer
1144-ETJW,Competitor,Competitor made better offer
8080-ZOAB,Competitor,Competitor made better offer
8843-SRMY,Competitor,Competitor made better offer
7772-ASRX,Competitor,Competitor made better offer
8843-HNDV,Competitor,Competitor made better offer
2467-XGIS,Competitor,Competitor made better offer
3168-DHLL,Competitor,Competitor made better offer
4711-EVEW,Competitor,Competitor made better offer
5415-CNJH,Competitor,Competitor made better offer
0944-PIYZ,Competitor,Competitor made better offer
6563-YQWO,Competitor,Competitor made better offer
0961-FZVL,Competitor,Competitor had better devices
0936-LTQE,Dissatisfaction,Network reliability
3517-EVLO,Price,Long distance charges
3993-MIVK,Competitor,Competitor made better offer
2957-HCPH,Other,Don't know
6608-GMUC,Competitor,Competitor had better devices
0052-KHBI,Competitor,Competitor had better devices
0225-SXMU,Competitor,Competitor had better devices
4913-MEPW,Competitor,Competitor had better devices
2039-OJSL,Competitor,Competitor had better devices
8067-GPHE,Competitor,Competitor had better devices
1672-YRMP,Competitor,Competitor had better devices
6961-ALKT,Competitor,Competitor had better devices
8154-DHII,Competitor,Competitor made better offer
5146-QZLL,Competitor,Competitor had better devices
4273-VKWW,Price,Price too high
2287-QQND,Dissatisfaction,Product dissatisfaction
5800-ELVI,Competitor,Competitor had better devices
8710-BSFN,Attitude,Attitude of support person
2285-BZCN,Dissatisfaction,Network reliability
2090-LCCO,Dissatisfaction,Limited range of services
9384-QYPC,Price,Lack of affordable download/upload speed
2440-TIIS,Competitor,Competitor had better devices
3868-VFRU,Other,Don't know
5494-DMWB,Price,Price too high
6069-OAFB,Dissatisfaction,Product dissatisfaction
8965-IZMK,Competitor,Competitor had better devices
8329-FWCZ,Attitude,Attitude of support person
3582-YKVE,Dissatisfaction,Network reliability
2532-FVSD,Other,Poor expertise of online support
4423-TKZM,Other,Don't know
3399-AZDC,Other,Don't know
2210-QVLG,Dissatisfaction,Poor expertise of online support
5770-GEAA,Competitor,Competitor had better devices
1540-PTXX,Competitor,Competitor had better devices
4519-JHXU,Competitor,Competitor offered higher download speeds
8905-SNVM,Competitor,Competitor offered more data
8924-KKGL,Competitor,Competitor made better offer
1885-MMAT,Competitor,Competitor had better devices
5348-LNSV,Competitor,Competitor had better devices
7152-QHZN,Competitor,Competitor had better devices
4399-SJLY,Competitor,Competitor offered higher download speeds
4471-WEEQ,Attitude,Attitude of support person
4681-MTBB,Competitor,Competitor offered more data
6302-WHGJ,Competitor,Competitor offered more data
8809-BLER,Attitude,Attitude of support person
8663-KNUO,Competitor,Competitor made better offer
8161-UXWU,Competitor,Competitor made better offer
7438-VLMJ,Competitor,Competitor had better devices
0770-ZYFP,Competitor,Competitor offered higher download speeds
4658-EGQF,Competitor,Competitor offered more data
3367-ERGM,Other,Don't know
2023-SSWZ,Competitor,Competitor had better devices
3563-BJVC,Competitor,Competitor had better devices
0846-JCRG,Competitor,Competitor offered higher download speeds
6554-AINB,Attitude,Attitude of support person
7889-HMJX,Competitor,Competitor offered higher download speeds
5361-RZVA,Competitor,Competitor offered more data
8305-HRMP,Attitude,Attitude of support person
6883-SUNS,Attitude,Attitude of support person
0375-HYRG,Competitor,Competitor made better offer
4543-TATV,Competitor,Competitor made better offer
7208-YRCL,Competitor,Competitor had better devices
6606-NYNG,Competitor,Competitor made better offer
3174-CMMB,Competitor,Competitor made better offer
8713-IDFY,Competitor,Competitor made better offer
1234-RYYB,Competitor,Competitor had better devices
7647-GERJ,Competitor,Competitor made better offer
3914-NBTO,Competitor,Competitor made better offer
8947-TZTF,Competitor,Competitor made better offer
9338-LAGF,Competitor,Competitor made better offer
3594-GLHQ,Competitor,Competitor made better offer
7134-HCPD,Competitor,Competitor made better offer
6175-PMDT,Other,Don't know
4431-PMPF,Other,Poor expertise of online support
9605-MMZC,Competitor,Competitor made better offer
7340-EHPV,Competitor,Competitor made better offer
6404-DLRI,Competitor,Competitor made better offer
4786-DMMG,Competitor,Competitor made better offer
3056-FUKO,Other,Don't know
0368-DVTQ,Competitor,Competitor had better devices
6822-DEXO,Competitor,Competitor had better devices
5646-PIYI,Competitor,Competitor had better devices
1332-SICA,Attitude,Attitude of support person
4937-AWGZ,Competitor,Competitor offered higher download speeds
6498-RQDN,Competitor,Competitor made better offer
7468-USBC,Competitor,Competitor made better offer
3237-RFQK,Competitor,Competitor had better devices
7675-RGES,Competitor,Competitor made better offer
4232-DXOF,Competitor,Competitor made better offer
5419-BCAW,Attitude,Attitude of service provider
0149-EZUH,Competitor,Competitor had better devices
3419-WASD,Attitude,Attitude of service provider
7964-EPFF,Competitor,Competitor had better devices
6145-SWCU,Attitude,Attitude of support person
0921-WYVG,Competitor,Competitor made better offer
8301-ZUSY,Attitude,Attitude of service provider
0684-OGXF,Attitude,Attitude of service provider
3907-MYYM,Attitude,Attitude of service provider
4881-JTZT,Attitude,Attitude of support person
6335-SWMI,Competitor,Competitor made better offer
2535-FWOQ,Other,Moved
6991-XJBB,Other,Moved
4972-HQJE,Other,Moved
4322-NPES,Competitor,Competitor had better devices
6131-MJRE,Competitor,Competitor offered higher download speeds
8582-OMPU,Attitude,Attitude of support person
1351-ERSV,Other,Don't know
7157-CWTR,Competitor,Competitor made better offer
8759-QETC,Competitor,Competitor had better devices
2236-LFDS,Competitor,Competitor had better devices
1169-ORTI,Competitor,Competitor had better devices
1877-QGZE,Competitor,Competitor offered higher download speeds
8630-CTDU,Competitor,Competitor offered more data
7712-HYWS,Competitor,Competitor offered more data
2208-PXKF,Competitor,Competitor offered more data
4158-RXXZ,Competitor,Competitor made better offer
2960-ISNM,Competitor,Competitor made better offer
1120-ZIKN,Competitor,Competitor had better devices
5527-RIAL,Price,Price too high
5317-TKJY,Price,Price too high
4876-LSUC,Price,Price too high
2174-JBVF,Price,Price too high
4044-NTXM,Price,Price too high
6425-HFFL,Price,Price too high
3823-OYMR,Competitor,Competitor had better devices
1347-WYMD,Competitor,Competitor had better devices
0619-DRLS,Price,Price too high
1505-RGNO,Dissatisfaction,Product dissatisfaction
6752-VVVP,Competitor,Competitor had better devices
7760-PAHH,Competitor,Competitor had better devices
4368-IOMO,Dissatisfaction,Network reliability
3425-HLPW,Other,Don't know
2463-VEZT,Other,Don't know
4126-AUXC,Other,Don't know
6231-YBKI,Other,Don't know
4261-MXMC,Dissatisfaction,Poor expertise of phone support
3494-DYGO,Competitor,Competitor had better devices
1871-TBWX,Attitude,Attitude of support person
5330-DBKT,Competitor,Competitor offered more data
4155-NFJO,Competitor,Competitor made better offer
3855-UUZN,Competitor,Competitor had better devices
8238-JOYM,Competitor,Competitor had better devices
6291-RVVM,Competitor,Competitor offered higher download speeds
5066-VNJW,Competitor,Competitor had better devices
7806-BBUB,Competitor,Competitor offered higher download speeds
4632-UWHX,Competitor,Competitor offered more data
1350-VGWO,Competitor,Competitor offered more data
4589-QBTU,Competitor,Competitor offered more data
0663-LWLM,Competitor,Competitor made better offer
0171-ZEZL,Competitor,Competitor made better offer
3961-CXXF,Competitor,Competitor had better devices
4388-KBKF,Competitor,Competitor offered higher download speeds
5031-CUMQ,Competitor,Competitor had better devices
9141-DZMH,Competitor,Competitor made better offer
6200-GDMN,Competitor,Competitor had better devices
8726-LCML,Competitor,Competitor had better devices
5611-FQLF,Attitude,Attitude of support person
8026-UNPP,Competitor,Competitor offered higher download speeds
9403-UEGH,Attitude,Attitude of support person
5581-BEMN,Competitor,Competitor had better devices
9961-JNUE,Competitor,Competitor offered more data
0034-TMPR,Competitor,Competitor offered more data
5245-JWLC,Other,Don't know
9095-FZBA,Competitor,Competitor made better offer
2490-MRXZ,Competitor,Competitor had better devices
0525-VIVB,Competitor,Competitor offered higher download speeds
8856-XDIV,Competitor,Competitor offered more data
2233-JFVD,Competitor,Competitor made better offer
2695-LGED,Competitor,Competitor had better devices
4769-NONM,Competitor,Competitor had better devices
8751-SWYJ,Competitor,Competitor offered higher download speeds
5645-IHNU,Competitor,Competitor offered higher download speeds
2978-AOXZ,Competitor,Competitor offered higher download speeds
3343-ULTF,Competitor,Competitor had better devices
5922-OCEG,Competitor,Competitor had better devices
3639-LUCC,Competitor,Competitor had better devices
4278-FLRA,Competitor,Competitor made better offer
3161-IDYE,Competitor,Competitor made better offer
3178-POPI,Competitor,Competitor had better devices
1933-RXVO,Attitude,Attitude of support person
6029-PZHP,Competitor,Competitor offered more data
1039-GDDV,Competitor,Competitor made better offer
3285-BECI,Competitor,Competitor had better devices
2473-PMJM,Competitor,Competitor had better devices
6773-GWCW,Competitor,Competitor offered higher download speeds
4790-WGIY,Competitor,Competitor offered higher download speeds
4875-FXIJ,Attitude,Attitude of support person
0450-ZWGZ,Competitor,Competitor offered more data
8418-BOIJ,Competitor,Competitor offered more data
9376-TYQS,Competitor,Competitor offered more data
2517-GTQL,Other,Don't know
8463-PKKE,Competitor,Competitor made better offer
8858-SSOV,Competitor,Competitor had better devices
3737-SGBB,Attitude,Attitude of service provider
0074-DECN,Attitude,Attitude of service provider
0328-TCIE,Attitude,Attitude of support person
9599-LFDU,Attitude,Attitude of support person
4905-NDDL,Attitude,Attitude of support person
9995-AOUC,Competitor,Competitor had better devices
3446-SRZQ,Attitude,Attitude of service provider
8976-RWJP,Competitor,Competitor had better devices
1433-GJWF,Attitude,Attitude of support person
5692-OHZW,Competitor,Competitor made better offer
8400-NAYB,Other,Moved
5778-CDIC,Other,Moved
5126-FVXO,Other,Moved
9091-PBKJ,Competitor,Competitor offered higher download speeds
3062-LMKL,Competitor,Competitor had better devices
1229-MHLH,Competitor,Competitor had better devices
0253-EAQU,Competitor,Competitor offered higher download speeds
0454-FERN,Other,Don't know
7298-KVHY,Other,Don't know
7078-CYAE,Other,Don't know
5739-YBPF,Other,Don't know
2325-JKUT,Other,Don't know
8751-DTMW,Competitor,Competitor made better offer
8643-YRPN,Other,Don't know
9170-NYEH,Other,Poor expertise of online support
3345-CWXW,Price,Long distance charges
6014-KDYR,Competitor,Competitor had better devices
3011-XSEU,Competitor,Competitor had better devices
4390-JIZZ,Competitor,Competitor had better devices
7986-ZPAI,Competitor,Competitor had better devices
2346-FUIP,Dissatisfaction,Network reliability
1952-VNQF,Competitor,Competitor had better devices
2466-VACQ,Competitor,Competitor had better devices
8214-HDWF,Dissatisfaction,Network reliability
1653-DTWM,Dissatisfaction,Network reliability
8388-DFRE,Dissatisfaction,Network reliability
5094-PVHV,Dissatisfaction,Network reliability
7795-QKXX,Competitor,Competitor had better devices
8378-GXFA,Competitor,Competitor had better devices
1556-USEI,Dissatisfaction,Network reliability
0051-DWVS,Dissatisfaction,Network reliability
8002-KJGJ,Other,Don't know
0621-FMCQ,Other,Don't know
7125-DGJC,Competitor,Competitor made better offer
3277-HHVT,Dissatisfaction,Poor expertise of online support
0501-RQTP,Dissatisfaction,Poor expertise of phone support
5947-IHMM,Price,Long distance charges
2046-VRMT,Attitude,Attitude of support person
1264-QMKN,Competitor,Competitor offered more data
9728-NKFJ,Competitor,Competitor made better offer
7866-HCTO,Competitor,Competitor had better devices
7292-PDJJ,Price,Long distance charges
2470-WZJM,Competitor,Competitor had better devices
6706-PLUD,Competitor,Competitor had better devices
7277-BTWZ,Competitor,Competitor made better offer
6277-EIKM,Competitor,Competitor had better devices
0996-BPST,Competitor,Competitor offered more data
8389-RTBE,Competitor,Competitor offered more data
7986-FVUK,Competitor,Competitor made better offer
9865-PETU,Competitor,Competitor made better offer
3700-WJCG,Competitor,Competitor had better devices
0614-UYAE,Competitor,Competitor offered higher download speeds
1872-KSLW,Competitor,Competitor offered more data
5049-ATEA,Competitor,Competitor made better offer
8235-ATDB,Competitor,Competitor had better devices
9486-APOG,Competitor,Competitor had better devices
4668-DZEM,Competitor,Competitor offered higher download speeds
4989-KKTB,Competitor,Competitor had better devices
2083-SPHH,Competitor,Competitor offered higher download speeds
8600-YQVP,Competitor,Competitor had better devices
7289-BUQV,Competitor,Competitor had better devices
3772-TDDC,Competitor,Competitor offered more data
9848-BXBL,Competitor,Competitor made better offer
8889-JYZU,Other,Poor expertise of online support
0667-KDKU,Competitor,Competitor had better devices
3025-XUAO,Attitude,Attitude of support person
9380-STXW,Competitor,Competitor offered more data
2428-RJUE,Competitor,Competitor made better offer
4734-LFVJ,Competitor,Competitor had better devices
3407-ZQGN,Competitor,Competitor had better devices
8718-OEDV,Competitor,Competitor had better devices
2219-SVUF,Competitor,Competitor offered higher download speeds
7407-KMDX,Competitor,Competitor had better devices
5058-KIOU,Attitude,Attitude of service provider
3080-NRIP,Competitor,Competitor had better devices
6086-FDXF,Competitor,Competitor had better devices
6403-DPQT,Competitor,Competitor made better offer
5557-IGGS,Competitor,Competitor made better offer
3230-GUHN,Competitor,Competitor had better devices
6567-NVEU,Competitor,Competitor offered higher download speeds
6893-XFBQ,Competitor,Competitor had better devices
5210-JTGK,Competitor,Competitor made better offer
1896-JWOH,Competitor,Competitor had better devices
6674-IPEO,Competitor,Competitor had better devices
2916-OPPI,Price,Long distance charges
5105-VSLF,Attitude,Attitude of support person
1088-RDOQ,Competitor,Competitor had better devices
8754-WUTE,Competitor,Competitor offered more data
4120-LSAS,Competitor,Competitor had better devices
3760-KQYS,Competitor,Competitor offered more data
2764-IZEK,Competitor,Competitor made better offer
9524-FGIL,Competitor,Competitor made better offer
7874-NXFM,Attitude,Attitude of service provider
2782-OASB,Attitude,Attitude of service provider
0328-MGTB,Attitude,Attitude of service provider
6704-AGYM,Attitude,Attitude of support person
7429-GPCO,Attitude,Attitude of support person
0750-KZHP,Attitude,Attitude of support person
3115-ONXY,Attitude,Attitude of service provider
0296-VMZL,Attitude,Attitude of service provider
4504-TAXX,Competitor,Competitor had better devices
7963-VKVH,Competitor,Competitor made better offer
2796-LQVD,Competitor,Competitor made better offer
2584-HBVQ,Other,Moved
7146-VPOA,Competitor,Competitor had better devices
5531-FXZN,Other,Moved
8258-IYWV,Competitor,Competitor made better offer
2907-ZUIM,Competitor,Competitor made better offer
5145-LGKL,Competitor,Competitor made better offer
3236-UCZA,Competitor,Competitor made better offer
2765-ZVMY,Competitor,Competitor made better offer
2865-ZOYK,Competitor,Competitor made better offer
3314-XRFV,Competitor,Competitor made better offer
0471-LINO,Competitor,Competitor made better offer
8404-HDTO,Competitor,Competitor made better offer
1251-IRYQ,Competitor,Competitor made better offer
8901-MBJL,Competitor,Competitor made better offer
5308-DGIF,Competitor,Competitor made better offer
5725-EIGQ,Competitor,Competitor made better offer
9515-FYOF,Other,Don't know
6840-JQVM,Competitor,Competitor made better offer
5441-MHBB,Competitor,Competitor made better offer
1098-PAMC,Competitor,Competitor made better offer
0259-JFWD,Competitor,Competitor made better offer
5393-HSVT,Competitor,Competitor made better offer
8022-IYTZ,Competitor,Competitor made better offer
8137-OXUW,Price,Extra data charges
9900-FDLV,Price,Extra data charges
5690-ODWA,Competitor,Competitor had better devices
1824-PKQW,Competitor,Competitor had better devices
0534-HKWQ,Price,Extra data charges
6110-TLUE,Competitor,Competitor made better offer
4427-DAAE,Price,Extra data charges
0170-MZAM,Price,Extra data charges
3085-LHIC,Other,Don't know
2745-BGCB,Other,Don't know
3990-MCLL,Other,Don't know
8309-IQCR,Competitor,Competitor had better devices
9543-RJPY,Attitude,Attitude of support person
5397-XQQM,Competitor,Competitor had better devices
6125-EDRV,Attitude,Attitude of support person
5317-BRZN,Attitude,Attitude of support person
2727-ZPCO,Attitude,Attitude of support person
2445-DVET,Competitor,Competitor had better devices
3113-DBEI,Competitor,Competitor had better devices
3867-PRSF,Attitude,Attitude of support person
6399-HUHA,Attitude,Attitude of support person
1374-XEQS,Other,Don't know
4944-ODJP,Competitor,Competitor had better devices
4501-CUTW,Attitude,Attitude of support person
8749-FMVJ,Attitude,Attitude of support person
8407-LHGI,Competitor,Competitor had better devices
3717-CYYJ,Attitude,Attitude of support person
1230-EIWA,Attitude,Attitude of support person
9398-HRMV,Competitor,Competitor had better devices
8672-DRXJ,Attitude,Attitude of support person
3845-KEVP,Attitude,Attitude of support person
0532-IOSX,Attitude,Attitude of support person
2491-UVYW,Attitude,Attitude of support person
9776-JHCF,Attitude,Attitude of support person
4115-JHUK,Attitude,Attitude of support person
6176-BUQQ,Competitor,Competitor had better devices
3243-RJCF,Attitude,Attitude of support person
8197-UIEU,Competitor,Competitor had better devices
4886-BAFO,Attitude,Attitude of support person
9621-MCGM,Attitude,Attitude of support person
1113-HDJO,Attitude,Attitude of support person
4011-FESI,Attitude,Attitude of support person
6440-SFZJ,Competitor,Competitor had better devices
1172-PSYO,Attitude,Attitude of support person
8210-YLXP,Attitude,Attitude of support person
5957-GNOP,Attitude,Attitude of support person
3903-EJCW,Attitude,Attitude of support person
6427-RUJP,Attitude,Attitude of support person
5188-QOGI,Attitude,Attitude of support person
7581-HOEB,Other,Poor expertise of online support
6615-ZYUQ,Attitude,Attitude of support person
1599-ACJB,Attitude,Attitude of support person
2977-SBBW,Attitude,Attitude of support person
9966-SNEI,Attitude,Attitude of support person
8434-SEID,Attitude,Attitude of support person
2738-LIKF,Attitude,Attitude of support person
1588-JEHL,Attitude,Attitude of support person
8682-IUUE,Attitude,Attitude of support person
5604-JBZP,Competitor,Competitor had better devices
2803-RSUC,Attitude,Attitude of support person
9370-UKHS,Competitor,Competitor had better devices
5763-AFJN,Attitude,Attitude of support person
3446-VRVY,Attitude,Attitude of support person
7383-CPZC,Attitude,Attitude of support person
0376-XCOY,Attitude,Attitude of support person
6795-YZRP,Attitude,Attitude of support person
7614-VZDW,Attitude,Attitude of support person
3675-TPGD,Attitude,Attitude of support person
7194-CLRJ,Attitude,Attitude of support person
7783-OAIM,Attitude,Attitude of support person
9555-LTPC,Attitude,Attitude of support person
0636-KCLF,Competitor,Competitor made better offer
2205-MYBK,Competitor,Competitor made better offer
6487-BTYP,Competitor,Competitor made better offer
8082-DOLG,Competitor,Competitor made better offer
3127-ARSV,Other,Don't know
9449-EGMU,Competitor,Competitor made better offer
6303-CXPN,Competitor,Competitor made better offer
5684-GYOW,Competitor,Competitor made better offer
4506-PCCZ,Competitor,Competitor made better offer
6994-ISVM,Competitor,Competitor made better offer
1601-OBXY,Competitor,Competitor made better offer
5935-USEP,Competitor,Competitor made better offer
2841-LJMI,Competitor,Competitor made better offer
6273-XHIK,Competitor,Competitor made better offer
5612-QHIR,Attitude,Attitude of support person
5795-JZKS,Competitor,Competitor made better offer
2679-OHJL,Competitor,Competitor made better offer
9874-SWKH,Competitor,Competitor made better offer
1144-VYWT,Competitor,Competitor made better offer
5426-DBAB,Competitor,Competitor made better offer
7920-ZYLE,Competitor,Competitor made better offer
3385-ABGE,Other,Poor expertise of online support
4952-THCQ,Competitor,Competitor made better offer
2248-BSDE,Competitor,Competitor made better offer
3208-CIJJ,Competitor,Competitor made better offer
7642-VMZC,Competitor,Competitor made better offer
2818-PTHL,Competitor,Competitor made better offer
8951-HHTR,Competitor,Competitor made better offer
2247-XWFH,Competitor,Competitor made better offer
3310-LBYD,Dissatisfaction,Product dissatisfaction
7905-WITA,Competitor,Competitor made better offer
8544-QSTN,Competitor,Competitor made better offer
0533-DQZK,Dissatisfaction,Product dissatisfaction
8893-FKLG,Price,Long distance charges
0041-BBWW,Other,Don't know
9908-QUXM,Dissatisfaction,Product dissatisfaction
3683-JLGS,Dissatisfaction,Product dissatisfaction
4553-EGBN,Dissatisfaction,Product dissatisfaction
8199-QWBH,Competitor,Competitor made better offer
8265-KAPL,Dissatisfaction,Product dissatisfaction
6344-ZFMK,Other,Don't know
2004-EZCY,Other,Don't know
5657-UNOF,Other,Don't know
4902-CEUB,Competitor,Competitor made better offer
3835-TBQO,Dissatisfaction,Poor expertise of phone support
1225-WYVV,Attitude,Attitude of support person
5146-MSLW,Attitude,Attitude of support person
1389-XQWD,Competitor,Competitor made better offer
4632-EFZO,Competitor,Competitor had better devices
6933-QJFI,Attitude,Attitude of service provider
7182-AJTD,Attitude,Attitude of support person
6766-MBGM,Attitude,Attitude of support person
5549-LJPR,Attitude,Attitude of support person
5471-TCKN,Competitor,Competitor had better devices
0527-TLXB,Attitude,Attitude of service provider
8333-MMGL,Attitude,Attitude of service provider
4744-IIWQ,Competitor,Competitor had better devices
0968-PJPX,Attitude,Attitude of support person
8737-SETI,Attitude,Attitude of support person
3295-QHUA,Competitor,Competitor made better offer
8734-WNFZ,Attitude,Attitude of service provider
9862-JSJV,Attitude,Attitude of service provider
3382-KXJD,Other,Don't know
1649-LSVH,Attitude,Attitude of support person
4710-CFKL,Competitor,Competitor had better devices
1861-AZFB,Attitude,Attitude of service provider
9926-ZTQQ,Competitor,Competitor had better devices
7466-VVCY,Attitude,Attitude of service provider
7698-NKTE,Attitude,Attitude of support person
7493-SCAT,Competitor,Competitor had better devices
5221-AYGI,Attitude,Attitude of service provider
0105-WGRF,Attitude,Attitude of service provider
1760-OQIZ,Attitude,Attitude of service provider
9958-MWNB,Attitude,Attitude of support person
3856-DGSR,Attitude,Attitude of support person
8145-OYSE,Attitude,Attitude of support person
1652-HWRA,Attitude,Attitude of service provider
3769-QVOY,Attitude,Attitude of service provider
6116-YFED,Attitude,Attitude of service provider
2676-YLUM,Competitor,Competitor had better devices
1621-HGTZ,Competitor,Competitor had better devices
0547-XPJE,Attitude,Attitude of support person
2687-DBFH,Attitude,Attitude of service provider
9826-CTMG,Attitude,Attitude of service provider
1200-AKBJ,Attitude,Attitude of service provider
0921-VCXY,Attitude,Attitude of support person
1491-ONDB,Attitude,Attitude of support person
0951-NZAM,Competitor,Competitor had better devices
5316-EYZL,Attitude,Attitude of service provider
7176-BXBW,Other,Don't know
0839-FFVI,Attitude,Attitude of service provider
1020-ZESJ,Attitude,Attitude of support person
9766-MMQY,Competitor,Competitor had better devices
0690-ZRHW,Competitor,Competitor had better devices
4370-HGPR,Competitor,Competitor had better devices
8572-OAAB,Attitude,Attitude of service provider
0323-DAFB,Attitude,Attitude of service provider
5276-OHQK,Attitude,Attitude of support person
3191-TYOU,Competitor,Competitor had better devices
7103-ALUO,Attitude,Attitude of support person
9442-QSSH,Competitor,Competitor had better devices
1583-GYHR,Competitor,Competitor had better devices
7879-YFUU,Attitude,Attitude of service provider
6838-MIYP,Attitude,Attitude of support person
2998-DARA,Competitor,Competitor had better devices
6511-MYZT,Competitor,Competitor made better offer
7462-DSGJ,Competitor,Competitor had better devices
3053-IXVJ,Attitude,Attitude of service provider
8265-OAHT,Competitor,Competitor made better offer
8684-BVFD,Competitor,Competitor made better offer
7314-SGEH,Other,Moved
2955-ODZJ,Other,Moved
8472-OCWT,Other,Moved
7855-EFDT,Competitor,Competitor had better devices
4247-EZUM,Competitor,Competitor offered higher download speeds
1875-GFTF,Competitor,Competitor had better devices
7577-BBUO,Competitor,Competitor made better offer
4610-OZDY,Competitor,Competitor made better offer
4154-VIZI,Competitor,Competitor had better devices
7543-ULUN,Competitor,Competitor had better devices
7484-QDBD,Competitor,Competitor offered higher download speeds
4098-TXZP,Competitor,Competitor offered higher download speeds
6871-TWPP,Competitor,Competitor had better devices
5142-KBXL,Competitor,Competitor offered more data
0671-IGOJ,Competitor,Competitor offered more data
6693-FIOE,Competitor,Competitor made better offer
0315-NQKV,Competitor,Competitor made better offer
7571-MUZE,Competitor,Competitor had better devices
1557-JJJV,Dissatisfaction,Product dissatisfaction
2043-YDFI,Dissatisfaction,Service dissatisfaction
3173-YFAE,Competitor,Competitor had better devices
0636-QIHN,Dissatisfaction,Network reliability
0878-XJKA,Dissatisfaction,Limited range of services
1225-LCEZ,Price,Lack of affordable download/upload speed
9465-PPAJ,Price,Long distance charges
0357-QWDW,Price,Extra data charges
2074-VQGR,Price,Price too high
2381-HIOG,Dissatisfaction,Product dissatisfaction
0072-JUCY,Competitor,Competitor had better devices
8666-JGLU,Attitude,Attitude of support person
0036-CPPU,Dissatisfaction,Network reliability
1644-YNVV,Other,Poor expertise of online support
6820-XDBO,Other,Don't know
1129-KZFF,Other,Don't know
9858-DDVK,Dissatisfaction,Poor expertise of online support
7768-NOLR,Dissatisfaction,Poor expertise of phone support
3874-WIUP,Price,Price too high
7611-MRCU,Dissatisfaction,Product dissatisfaction
6378-QWSY,Dissatisfaction,Service dissatisfaction
2933-FPCB,Attitude,Attitude of support person
4867-BPPI,Competitor,Competitor had better devices
0122-YFRD,Dissatisfaction,Limited range of services
0714-OCZW,Price,Long distance charges
2096-XKFA,Price,Long distance charges
0684-GPKD,Price,Extra data charges
9150-UVBS,Price,Price too high
0727-AWQD,Dissatisfaction,Product dissatisfaction
2184-QPSK,Dissatisfaction,Service dissatisfaction
5700-NGCZ,Attitude,Attitude of support person
6300-MVUZ,Dissatisfaction,Network reliability
8521-FRTG,Other,Don't know
6445-TYWB,Other,Don't know
3252-VLNU,Other,Don't know
9702-AOEB,Competitor,Competitor had better devices
6660-OJEU,Competitor,Competitor had better devices
0078-GGDI,Competitor,Competitor had better devices
9447-DDHP,Dissatisfaction,Limited range of services
1854-KBGI,Price,Lack of affordable download/upload speed
8002-AYDG,Price,Long distance charges
1189-YCPM,Price,Price too high
6870-XSYK,Dissatisfaction,Product dissatisfaction
0446-IVSF,Dissatisfaction,Service dissatisfaction
5679-JRKI,Attitude,Attitude of support person
4222-GZTM,Dissatisfaction,Network reliability
1637-NTTG,Other,Don't know
8851-ACHB,Other,Don't know
1382-MJNN,Other,Don't know
9394-VEMU,Price,Price too high
2004-BVVI,Dissatisfaction,Product dissatisfaction
8289-PKJH,Competitor,Competitor had better devices
9217-QVNV,Attitude,Attitude of support person
0338-URWA,Competitor,Competitor had better devices
2071-ZGIR,Dissatisfaction,Limited range of services
6286-QCIS,Price,Long distance charges
6215-KIUR,Price,Extra data charges
7206-EOID,Competitor,Competitor had better devices
3555-DQZS,Dissatisfaction,Product dissatisfaction
0594-WZZH,Competitor,Competitor had better devices
9353-UQZL,Attitude,Attitude of support person
3232-MGKL,Dissatisfaction,Network reliability
7652-IZJG,Other,Don't know
9029-BBNS,Other,Don't know
7545-ZNIK,Other,Don't know
0046-UGXS,Competitor,Competitor had better devices
7216-XVEJ,Attitude,Attitude of service provider
1908-AOEO,Attitude,Attitude of support person
0254-BHJM,Other,Poor expertise of online support
0067-BNMH,Attitude,Attitude of support person
2731-WLVM,Competitor,Competitor had better devices
1558-OFCR,Attitude,Attitude of service provider
7712-ECBS,Attitude,Attitude of service provider
7097-SRRX,Attitude,Attitude of support person
6070-URPL,Attitude,Attitude of support person
2444-MMZU,Competitor,Competitor had better devices
5962-QOLX,Attitude,Attitude of service provider
8874-YYVN,Attitude,Attitude of service provider
7986-KJMA,Price,Long distance charges
0535-VGOQ,Other,Deceased
6594-VGIQ,Other,Moved
1231-RUXU,Other,Moved
1941-VCPD,Other,Moved
5832-ZBRG,Competitor,Competitor had better devices
6910-USOR,Competitor,Competitor offered higher download speeds
8450-NBSE,Competitor,Competitor offered more data
9137-WQCO,Competitor,Competitor made better offer
3574-RQDL,Competitor,Competitor had better devices
4749-XRUZ,Competitor,Competitor had better devices
5833-ZJED,Competitor,Competitor had better devices
2953-OSWU,Competitor,Competitor had better devices
6071-CTCC,Attitude,Attitude of support person
9341-ULCR,Competitor,Competitor offered more data
0972-PBXC,Competitor,Competitor offered more data
6075-HBUD,Competitor,Competitor offered more data
7075-RMQX,Other,Don't know
3689-QYNS,Competitor,Competitor made better offer
1728-XKGA,Dissatisfaction,Product dissatisfaction
2110-KWXL,Dissatisfaction,Service dissatisfaction
7360-FLBD,Price,Long distance charges
1049-WMVU,Dissatisfaction,Network reliability
3425-YCVZ,Competitor,Competitor had better devices
4783-ZCUV,Competitor,Competitor had better devices
5726-LHDO,Price,Long distance charges
5746-IXSU,Competitor,Competitor had better devices
0089-SSWE,Competitor,Competitor had better devices
4172-XFEE,Dissatisfaction,Product dissatisfaction
6708-KMTN,Dissatisfaction,Service dissatisfaction
5951-TLKU,Competitor,Competitor had better devices
5182-ZHCG,Dissatisfaction,Network reliability
8083-RGFY,Competitor,Competitor made better offer
3106-PDGO,Competitor,Competitor made better offer
9340-HOSP,Other,Poor expertise of online support
0817-ZKSE,Dissatisfaction,Poor expertise of online support
1153-YYDP,Dissatisfaction,Poor expertise of phone support
3165-AFPH,Competitor,Competitor had better devices
1316-CXZB,Dissatisfaction,Product dissatisfaction
5206-CECI,Dissatisfaction,Service dissatisfaction
0449-GWEW,Attitude,Attitude of support person
2383-TBTM,Dissatisfaction,Network reliability
4487-TQQP,Dissatisfaction,Limited range of services
9331-GINT,Price,Lack of affordable download/upload speed
5845-WTCV,Price,Long distance charges
1754-GQXW,Competitor,Competitor had better devices
8385-RBJP,Price,Price too high
0316-JBJW,Dissatisfaction,Product dissatisfaction
8951-GWNC,Dissatisfaction,Service dissatisfaction
7989-FKBH,Competitor,Competitor had better devices
0193-XPLB,Competitor,Competitor had better devices
2344-UQWB,Other,Don't know
8612-MHNZ,Other,Poor expertise of online support
1395-DQPW,Price,Price too high
1849-KPXX,Competitor,Competitor had better devices
5616-IMBZ,Dissatisfaction,Service dissatisfaction
2493-OUPM,Attitude,Attitude of support person
7274-CSTS,Competitor,Competitor had better devices
7013-RSPJ,Dissatisfaction,Limited range of services
5372-YIZA,Price,Lack of affordable download/upload speed
8115-PQOF,Competitor,Competitor had better devices
2799-AJVS,Price,Extra data charges
7367-YWEP,Competitor,Competitor had better devices
8128-DUDD,Dissatisfaction,Product dissatisfaction
7499-PUBX,Attitude,Attitude of support person
2308-MTIW,Dissatisfaction,Network reliability
2712-DQPF,Other,Don't know
0530-GRDZ,Other,Don't know
9118-GMNG,Other,Poor expertise of online support
8463-RZJX,Price,Price too high
2407-JCHE,Dissatisfaction,Product dissatisfaction
7190-PDYI,Dissatisfaction,Service dissatisfaction
9948-QZEE,Attitude,Attitude of support person
7390-BAJP,Dissatisfaction,Network reliability
0908-DEWH,Dissatisfaction,Limited range of services
1799-DPSK,Attitude,Attitude of support person
3718-RMCS,Price,Long distance charges
4288-DYBU,Price,Extra data charges
5105-NZKR,Price,Price too high
3977-ZMPQ,Dissatisfaction,Product dissatisfaction
2270-DZUO,Dissatisfaction,Service dissatisfaction
4574-BXLQ,Attitude,Attitude of support person
5321-VLWM,Dissatisfaction,Network reliability
0070-ZOSH,Other,Poor expertise of online support
3548-OHEG,Other,Don't know
4727-GTZB,Other,Poor expertise of online support
8743-NBTM,Price,Price too high
1536-FWUS,Dissatisfaction,Product dissatisfaction
1229-SYLY,Competitor,Competitor had better devices
4561-QWIY,Attitude,Attitude of support person
0952-DZHO,Dissatisfaction,Network reliability
4261-WUJC,Dissatisfaction,Limited range of services
6210-ZVCF,Price,Lack of affordable download/upload speed
8925-FNER,Price,Long distance charges
6452-ZPVQ,Price,Extra data charges
0392-BBJJ,Price,Price too high
1055-BTWD,Dissatisfaction,Product dissatisfaction
0003-PKVZ,Dissatisfaction,Service dissatisfaction
7771-YDED,Attitude,Attitude of support person
0028-OJTA,Competitor,Competitor had better devices
1318-ADXQ,Other,Don't know
5058-LOFO,Other,Poor expertise of online support
8565-WWKG,Price,Long distance charges
5573-RVUY,Other,Moved
9286-LSDG,Other,Moved
0927-NBKU,Competitor,Competitor had better devices
0669-VISK,Competitor,Competitor had better devices
6276-QWUZ,Competitor,Competitor offered more data
9052-TRGX,Competitor,Competitor made better offer
0047-VZAS,Competitor,Competitor had better devices
9569-HZIO,Competitor,Competitor had better devices
8713-JVYM,Competitor,Competitor had better devices
8624-CHNO,Competitor,Competitor offered higher download speeds
1766-RWFR,Competitor,Competitor had better devices
7550-EGRQ,Competitor,Competitor offered more data
8478-UJUI,Competitor,Competitor offered more data
7396-JTUO,Competitor,Competitor offered more data
1260-QZEQ,Competitor,Competitor made better offer
7535-ZUIK,Price,Price too high
9985-QPZR,Dissatisfaction,Product dissatisfaction
1713-WJJK,Competitor,Competitor made better offer
2565-PUSO,Attitude,Attitude of support person
1208-XZTL,Dissatisfaction,Network reliability
3209-ADVM,Dissatisfaction,Limited range of services
9547-WUSI,Price,Lack of affordable download/upload speed
2227-IPDU,Price,Long distance charges
0988-JQKT,Price,Extra data charges
6451-WYTB,Price,Price too high
8370-JNTV,Dissatisfaction,Product dissatisfaction
7942-VPWE,Dissatisfaction,Service dissatisfaction
0400-SXPJ,Attitude,Attitude of support person
7586-FDFY,Competitor,Competitor made better offer
1739-NPSR,Other,Don't know
3780-RAVF,Other,Poor expertise of online support
1408-LEOW,Other,Don't know
7567-CCTC,Dissatisfaction,Poor expertise of online support
1593-CSSC,Dissatisfaction,Poor expertise of phone support
8427-JUOD,Competitor,Competitor made better offer
5569-ETPJ,Dissatisfaction,Product dissatisfaction
9886-GMFQ,Dissatisfaction,Service dissatisfaction
4320-ISSC,Attitude,Attitude of support person
8122-DPRC,Competitor,Competitor made better offer
0778-TZXY,Dissatisfaction,Limited range of services
9601-RKOY,Price,Lack of affordable download/upload speed
7738-XKDW,Price,Long distance charges
2398-OLSH,Price,Extra data charges
1799-PHFR,Price,Price too high
5409-SVVB,Dissatisfaction,Product dissatisfaction
0752-BYBV,Dissatisfaction,Service dissatisfaction
3218-MOPK,Attitude,Attitude of support person
4268-RAFJ,Dissatisfaction,Network reliability
8875-NPDU,Other,Don't know
7598-PWCQ,Other,Don't know
1143-VJMY,Price,Price too high
5116-LBXE,Attitude,Attitude of support person
0666-PMDU,Dissatisfaction,Network reliability
1374-ZAHA,Dissatisfaction,Limited range of services
6347-QZHF,Price,Long distance charges
2497-KMAR,Price,Extra data charges
4845-FXAH,Price,Price too high
5928-MQLM,Dissatisfaction,Product dissatisfaction
5109-IYDQ,Dissatisfaction,Service dissatisfaction
9464-NAXE,Attitude,Attitude of support person
3539-OYGC,Dissatisfaction,Network reliability
7230-CCXL,Other,Don't know
9845-MYDI,Other,Don't know
4023-ZNDW,Price,Price too high
3331-ZJQI,Dissatisfaction,Product dissatisfaction
7950-BMSP,Attitude,Attitude of support person
5354-NCQC,Dissatisfaction,Network reliability
9269-HWTL,Dissatisfaction,Limited range of services
8703-VUUT,Price,Lack of affordable download/upload speed
7751-FDEJ,Price,Long distance charges
5544-MGCA,Price,Extra data charges
8173-IKVF,Dissatisfaction,Product dissatisfaction
6961-VFFO,Dissatisfaction,Service dissatisfaction
5920-LAOX,Attitude,Attitude of support person
5298-NPSU,Dissatisfaction,Network reliability
8036-TFDY,Other,Don't know
6374-URXV,Other,Don't know
2579-TYFM,Price,Price too high
3043-HJLY,Dissatisfaction,Service dissatisfaction
4503-QYOB,Attitude,Attitude of support person
5499-BHPH,Dissatisfaction,Network reliability
2161-HMDR,Dissatisfaction,Limited range of services
2242-BBMU,Price,Lack of affordable download/upload speed
2010-GZSF,Price,Long distance charges
6777-EWLX,Price,Extra data charges
8730-MTEW,Price,Price too high
8120-URSH,Dissatisfaction,Product dissatisfaction
9954-HCPF,Competitor,Competitor made better offer
3296-IGBF,Price,Long distance charges
9880-BJRX,Dissatisfaction,Network reliability
3136-AOSU,Other,Don't know
0794-ADSL,Other,Don't know
7403-MNCG,Other,Don't know
1487-XYFA,Attitude,Attitude of support person
7380-HUUM,Other,Deceased
9417-ZKNM,Other,Moved
4921-KJFA,Other,Moved
3389-HQXG,Other,Moved
2227-RTZU,Competitor,Competitor had better devices
1374-SPCR,Competitor,Competitor had better devices
1095-AGSP,Other,Don't know
1962-YKMW,Competitor,Competitor had better devices
7314-PRDD,Competitor,Competitor had better devices
3218-FMUK,Competitor,Competitor offered higher download speeds
3223-MGYR,Competitor,Competitor offered higher download speeds
3174-WPAC,Competitor,Competitor offered higher download speeds
7918-QDLF,Competitor,Competitor offered more data
1640-PIPY,Competitor,Competitor offered more data
7972-OLGE,Competitor,Competitor offered more data
2894-KEDQ,Competitor,Competitor made better offer
8236-VPJM,Competitor,Competitor made better offer
3661-QMLJ,Price,Price too high
9854-MLCW,Dissatisfaction,Product dissatisfaction
8989-HVSR,Dissatisfaction,Service dissatisfaction
4941-UKSK,Competitor,Competitor made better offer
4849-VJQM,Dissatisfaction,Limited range of services
2524-PJAB,Attitude,Attitude of support person
5469-QTTA,Competitor,Competitor had better devices
9667-DPKR,Price,Extra data charges
2854-CTPM,Price,Price too high
5828-GSCW,Dissatisfaction,Product dissatisfaction
2539-PMGZ,Competitor,Competitor had better devices
2968-SEBZ,Dissatisfaction,Lack of self-service on Website
6599-MMRU,Dissatisfaction,Network reliability
1820-UIWZ,Other,Don't know
1206-AGGO,Competitor,Competitor made better offer
9801-FIDS,Price,Long distance charges
3591-HZVD,Competitor,Competitor had better devices
1300-AYND,Competitor,Competitor made better offer
6640-DXAP,Competitor,Competitor made better offer
6501-RRWS,Competitor,Competitor offered higher download speeds
2756-VSDX,Competitor,Competitor offered more data
2653-JCQM,Competitor,Competitor made better offer
8251-WNKS,Competitor,Competitor had better devices
9766-TUNO,Competitor,Competitor had better devices
5737-AKXQ,Competitor,Competitor had better devices
7967-MBCH,Attitude,Attitude of support person
2435-IYLS,Competitor,Competitor offered more data
8588-DBVO,Competitor,Competitor offered more data
2138-YQDU,Attitude,Attitude of support person
5769-UVOX,Competitor,Competitor made better offer
8895-XNGT,Competitor,Competitor made better offer
9697-APBH,Price,Price too high
5542-NQXX,Dissatisfaction,Product dissatisfaction
8595-WAGS,Competitor,Competitor made better offer
2434-HNZE,Dissatisfaction,Network reliability
7131-KQTQ,Dissatisfaction,Limited range of services
9071-WSUU,Price,Lack of affordable download/upload speed
7121-CZBF,Price,Long distance charges
0293-AIHG,Price,Extra data charges
9228-ELZU,Price,Price too high
5522-UBVX,Dissatisfaction,Product dissatisfaction
2273-URQB,Dissatisfaction,Service dissatisfaction
3702-WNRA,Competitor,Competitor made better offer
2890-FRVG,Dissatisfaction,Network reliability
0586-CAVY,Other,Don't know
1268-QDRX,Competitor,Competitor had better devices
7536-LYUW,Competitor,Competitor offered higher download speeds
1812-XLAI,Competitor,Competitor offered more data
7161-PENZ,Competitor,Competitor made better offer
4833-BDTE,Competitor,Competitor had better devices
7001-PGSY,Price,Long distance charges
9429-BKZT,Attitude,Attitude of support person
4140-AKPB,Competitor,Competitor had better devices
2535-WFRA,Competitor,Competitor offered higher download speeds
1603-HMZA,Competitor,Competitor offered more data
9145-CJET,Competitor,Competitor offered more data
2630-YJAZ,Competitor,Competitor offered more data
1922-GRSD,Competitor,Competitor made better offer
6094-EFGY,Competitor,Competitor made better offer
3157-EHBT,Price,Price too high
0439-XGMG,Dissatisfaction,Product dissatisfaction
7422-MPJW,Dissatisfaction,Service dissatisfaction
0769-TFOB,Competitor,Competitor made better offer
9224-AJIY,Dissatisfaction,Network reliability
5336-IWZF,Dissatisfaction,Limited range of services
2423-QXEC,Price,Lack of affordable download/upload speed
2509-HENA,Price,Long distance charges
2339-BVFU,Price,Extra data charges
1679-YUUE,Competitor,Competitor had better devices
0685-RMZP,Dissatisfaction,Product dissatisfaction
4608-TNVR,Dissatisfaction,Service dissatisfaction
3802-RDDD,Dissatisfaction,Lack of self-service on Website
2214-TDKP,Dissatisfaction,Network reliability
3730-IHXQ,Other,Don't know
9041-JQCT,Attitude,Attitude of service provider
2427-JRNY,Attitude,Attitude of support person
1671-JJTM,Attitude,Attitude of support person
6507-HWLH,Attitude,Attitude of support person
4275-PBVA,Competitor,Competitor had better devices
2528-NTIE,Competitor,Competitor had better devices
0958-NKOQ,Attitude,Attitude of service provider
4642-BERS,Competitor,Competitor had better devices
3965-GONM,Other,Deceased
5747-XGZG,Other,Moved
6476-KENA,Other,Moved
2026-BVBJ,Other,Moved
0558-OTEQ,Competitor,Competitor had better devices
6021-TSCV,Competitor,Competitor offered higher download speeds
3179-CDWC,Attitude,Attitude of support person
1375-TIIR,Competitor,Competitor made better offer
3674-HXHY,Competitor,Competitor had better devices
9808-ENVC,Competitor,Competitor had better devices
2583-BLKS,Competitor,Competitor offered higher download speeds
4544-YSVY,Competitor,Competitor offered higher download speeds
5880-MOFG,Attitude,Attitude of support person
7381-YXBG,Competitor,Competitor offered more data
2875-PAMY,Competitor,Competitor offered more data
4324-CTWA,Other,Don't know
2328-CNXN,Competitor,Competitor made better offer
5660-KCQO,Competitor,Competitor made better offer
2626-EKLI,Price,Price too high
2786-JMVY,Competitor,Competitor made better offer
6662-PNJU,Dissatisfaction,Service dissatisfaction
5707-SGWL,Dissatisfaction,Lack of self-service on Website
2181-OLAS,Dissatisfaction,Network reliability
0627-LLPX,Competitor,Competitor made better offer
6103-KXHN,Price,Lack of affordable download/upload speed
9573-JEAB,Price,Long distance charges
1732-YNYO,Price,Extra data charges
6282-TJED,Price,Price too high
6230-OMKZ,Dissatisfaction,Product dissatisfaction
6818-ZJIR,Dissatisfaction,Service dissatisfaction
2187-DZPX,Dissatisfaction,Network reliability
7013-MIFW,Other,Don't know
8557-PQQP,Other,Don't know
5002-VYPM,Other,Don't know
1625-MTHO,Dissatisfaction,Poor expertise of online support
3315-MHPJ,Competitor,Competitor made better offer
7530-AOPC,Competitor,Competitor offered higher download speeds
3431-HYLM,Competitor,Competitor offered more data
3563-GTZG,Competitor,Competitor made better offer
2507-XUKK,Competitor,Competitor had better devices
6394-WANL,Other,Don't know
6678-ZTPQ,Competitor,Competitor made better offer
0827-KHII,Competitor,Competitor offered higher download speeds
5973-XQFV,Competitor,Competitor offered more data
2923-JTWO,Competitor,Competitor offered more data
6004-XKDP,Competitor,Competitor offered more data
7750-SIBE,Competitor,Competitor made better offer
0350-XCGU,Competitor,Competitor made better offer
6229-UIZG,Price,Price too high
4811-UPIY,Dissatisfaction,Product dissatisfaction
1323-VNPI,Dissatisfaction,Service dissatisfaction
0764-GCFK,Dissatisfaction,Lack of self-service on Website
6875-WMIO,Attitude,Attitude of support person
9810-SIUJ,Dissatisfaction,Limited range of services
8763-DELH,Price,Lack of affordable download/upload speed
0921-ZTIV,Price,Long distance charges
5046-RZRA,Price,Extra data charges
6569-MPJS,Price,Price too high
7304-YNFU,Dissatisfaction,Product dissatisfaction
8401-RNML,Dissatisfaction,Service dissatisfaction
4986-MTJF,Dissatisfaction,Lack of self-service on Website
8004-RCJF,Attitude,Attitude of support person
1501-TKPX,Other,Don't know
4825-GJVD,Competitor,Competitor had better devices
2877-PZOH,Attitude,Attitude of support person
3723-SCRU,Competitor,Competitor offered more data
0103-ROMR,Competitor,Competitor made better offer
6730-BZHD,Competitor,Competitor had better devices
8879-YNER,Competitor,Competitor had better devices
5843-YZUY,Attitude,Attitude of support person
5644-CAZV,Competitor,Competitor offered higher download speeds
2906-IAUM,Competitor,Competitor offered higher download speeds
7413-RYFR,Competitor,Competitor offered more data
1380-RAHW,Competitor,Competitor offered more data
4778-OWRZ,Competitor,Competitor offered more data
8955-BKQM,Competitor,Competitor made better offer
5101-LCMQ,Competitor,Competitor made better offer
4531-ANJO,Price,Price too high
4995-JUBE,Dissatisfaction,Product dissatisfaction
1579-ZCUT,Dissatisfaction,Lack of self-service on Website
6989-QOLF,Dissatisfaction,Network reliability
6416-UBHW,Dissatisfaction,Limited range of services
5749-JLQO,Attitude,Attitude of support person
5111-XWWF,Price,Long distance charges
6843-NQXW,Price,Extra data charges
9286-ZJAG,Price,Price too high
3576-KQSZ,Dissatisfaction,Product dissatisfaction
2882-KFQQ,Dissatisfaction,Service dissatisfaction
8148-PVEM,Dissatisfaction,Lack of self-service on Website
6535-HEME,Dissatisfaction,Network reliability
4311-UKMI,Other,Don't know
9570-IFVO,Attitude,Attitude of service provider
2076-SPBP,Attitude,Attitude of support person
8716-KWIZ,Attitude,Attitude of support person
4323-BSDT,Attitude,Attitude of service provider
2894-ZYCG,Attitude,Attitude of service provider
3369-WWNM,Attitude,Attitude of support person
5297-HARB,Competitor,Competitor made better offer
9409-AEJK,Other,Moved
3422-CNZQ,Other,Moved
7120-URPH,Other,Moved
0618-XKNB,Competitor,Competitor had better devices
4396-ZKNK,Attitude,Attitude of support person
8782-OMAK,Competitor,Competitor offered more data
2617-UYYQ,Competitor,Competitor made better offer
6530-XTEP,Competitor,Competitor had better devices
4302-DJJT,Competitor,Competitor had better devices
0977-JHBI,Attitude,Attitude of support person
7167-KRAP,Competitor,Competitor offered higher download speeds
6349-GQOU,Attitude,Attitude of support person
1476-HJCV,Competitor,Competitor had better devices
5849-ECMG,Competitor,Competitor offered more data
9742-LQQI,Competitor,Competitor offered more data
4603-IRMK,Competitor,Competitor made better offer
6362-DJYY,Competitor,Competitor made better offer
3618-UGMW,Price,Price too high
2761-GDXR,Dissatisfaction,Product dissatisfaction
1384-LWVG,Dissatisfaction,Service dissatisfaction
0894-WUEE,Competitor,Competitor had better devices
2789-MCIT,Dissatisfaction,Network reliability
2331-CLBV,Price,Lack of affordable download/upload speed
2540-MHPP,Price,Long distance charges
5597-OBFV,Price,Long distance charges
9327-PDUY,Price,Price too high
6533-CQTO,Dissatisfaction,Product dissatisfaction
5914-BWMP,Dissatisfaction,Service dissatisfaction
9337-VMPD,Dissatisfaction,Lack of self-service on Website
4079-EGWY,Dissatisfaction,Network reliability
6528-ISUY,Other,Don't know
7216-ZIIQ,Other,Don't know
8070-BZST,Other,Don't know
1613-FLGJ,Competitor,Competitor had better devices
4086-QPER,Dissatisfaction,Poor expertise of phone support
1149-USPU,Competitor,Competitor had better devices
9049-VDZX,Attitude,Attitude of support person
3028-WDNH,Competitor,Competitor offered more data
2391-LXGG,Competitor,Competitor made better offer
9456-FATL,Competitor,Competitor had better devices
2085-IHHT,Competitor,Competitor had better devices
8574-HOBE,Attitude,Attitude of support person
1029-HGSO,Competitor,Competitor offered higher download speeds
0488-TZGJ,Competitor,Competitor offered higher download speeds
2462-GVZL,Competitor,Competitor offered more data
0833-FYWB,Competitor,Competitor offered more data
0231-PNMP,Competitor,Competitor offered more data
9335-JFZM,Competitor,Competitor made better offer
7583-RMVT,Competitor,Competitor made better offer
1324-GXZT,Price,Price too high
7977-KQLY,Dissatisfaction,Service dissatisfaction
5179-DBGK,Dissatisfaction,Lack of self-service on Website
4855-HNFM,Dissatisfaction,Network reliability
8407-JIEL,Dissatisfaction,Limited range of services
4216-LKEO,Competitor,Competitor had better devices
4817-JGDL,Price,Long distance charges
2688-ALAJ,Competitor,Competitor had better devices
0943-EAVB,Price,Price too high
0615-AKGT,Dissatisfaction,Product dissatisfaction
7567-HBWY,Competitor,Competitor had better devices
1035-JHQF,Competitor,Competitor had better devices
3607-RFMJ,Competitor,Competitor had better devices
4884-ACZX,Other,Don't know
1161-MUIH,Competitor,Competitor had better devices
3904-DGGF,Competitor,Competitor offered higher download speeds
5651-GOCM,Attitude,Attitude of service provider
9832-AKTI,Competitor,Competitor made better offer
0957-PFRL,Competitor,Competitor had better devices
3800-WUIT,Competitor,Competitor had better devices
1105-PRAB,Competitor,Competitor offered higher download speeds
5127-EYJS,Competitor,Competitor offered higher download speeds
1443-GGJW,Attitude,Attitude of support person
1356-SRKD,Competitor,Competitor offered more data
2706-XWVZ,Competitor,Competitor offered more data
1131-PFID,Competitor,Competitor offered more data
3691-SZBV,Competitor,Competitor made better offer
7997-TGGG,Price,Price too high
9112-IFUN,Dissatisfaction,Product dissatisfaction
3314-KNHM,Dissatisfaction,Service dissatisfaction
6893-XGEP,Dissatisfaction,Lack of self-service on Website
5878-PNMG,Dissatisfaction,Limited range of services
8609-AFGH,Price,Lack of affordable download/upload speed
4484-CLOS,Price,Long distance charges
5830-IBCE,Price,Extra data charges
9067-MDOY,Price,Price too high
0427-GNBF,Dissatisfaction,Product dissatisfaction
4794-PSFW,Dissatisfaction,Service dissatisfaction
2429-SFGL,Dissatisfaction,Lack of self-service on Website
7087-OBOQ,Dissatisfaction,Network reliability
4262-CYFW,Other,Don't know
6090-IUUD,Attitude,Attitude of service provider
3472-HKAO,Attitude,Attitude of support person
0318-NISS,Attitude,Attitude of support person
5159-CKSO,Attitude,Attitude of support person
4248-SNJX,Attitude,Attitude of service provider
8805-CFXT,Attitude,Attitude of service provider
2746-TIPH,Attitude,Attitude of service provider
0966-VXQW,Attitude,Attitude of support person
5414-WVUE,Other,Deceased
4972-EBSC,Other,Moved
9402-GHDH,Other,Moved
4574-BVZN,Other,Moved
5016-IDJZ,Competitor,Competitor had better devices
7167-HXEE,Other,Don't know
1686-GFDV,Competitor,Competitor offered more data
4372-HLSF,Competitor,Competitor made better offer
6161-SVBO,Competitor,Competitor had better devices
6416-BUSU,Competitor,Competitor had better devices
2910-BNDW,Competitor,Competitor offered higher download speeds
6545-OAQZ,Competitor,Competitor offered higher download speeds
0604-XBFE,Competitor,Competitor offered higher download speeds
5712-YUDR,Competitor,Competitor offered more data
2193-TMOP,Competitor,Competitor offered more data
9715-KKGJ,Competitor,Competitor offered more data
8876-KIKJ,Competitor,Competitor made better offer
9424-OKMS,Competitor,Competitor made better offer
4693-ISWA,Price,Price too high
3377-EXVK,Dissatisfaction,Product dissatisfaction
5151-SEQP,Dissatisfaction,Service dissatisfaction
5114-JYSC,Dissatisfaction,Lack of self-service on Website
7472-TNYK,Dissatisfaction,Network reliability
8297-EAWR,Dissatisfaction,Limited range of services
8557-LNQX,Price,Lack of affordable download/upload speed
0408-BVPM,Price,Long distance charges
8784-MLFU,Price,Extra data charges
4229-OXLB,Price,Price too high
8628-WWJH,Dissatisfaction,Product dissatisfaction
9322-TYHV,Dissatisfaction,Service dissatisfaction
6181-SEZR,Attitude,Attitude of support person
8190-FMJO,Dissatisfaction,Network reliability
7111-ESQL,Other,Don't know
8433-KEZR,Other,Don't know
1703-PUPS,Other,Don't know
9216-BNGI,Dissatisfaction,Poor expertise of online support
8195-TIHI,Dissatisfaction,Poor expertise of phone support
3612-CMIO,Competitor,Competitor made better offer
2945-UCWR,Competitor,Competitor offered higher download speeds
6378-IANI,Competitor,Competitor offered more data
3365-LANW,Competitor,Competitor made better offer
7938-KPIX,Competitor,Competitor had better devices
8454-JZLB,Competitor,Competitor made better offer
4494-XHHB,Competitor,Competitor had better devices
9795-MUCM,Competitor,Competitor offered higher download speeds
1302-ZJFA,Competitor,Competitor offered higher download speeds
8505-PLUA,Competitor,Competitor offered more data
4686-MFCE,Competitor,Competitor offered more data
2752-QWQN,Competitor,Competitor offered more data
9961-GXPU,Competitor,Competitor made better offer
1622-TQMB,Competitor,Competitor made better offer
5612-KWEA,Price,Price too high
6671-DGJI,Dissatisfaction,Service dissatisfaction
0143-MUHQ,Price,Long distance charges
5302-BDGB,Dissatisfaction,Limited range of services
7495-CLGQ,Competitor,Competitor had better devices
0295-ETJE,Price,Long distance charges
4539-DNTZ,Price,Extra data charges
8570-DECH,Price,Price too high
0696-CSAX,Competitor,Competitor made better offer
9912-LNHW,Competitor,Competitor had better devices
5538-IAKV,Dissatisfaction,Network reliability
7177-EXXC,Other,Don't know
4495-GOBD,Competitor,Competitor had better devices
4423-HLPN,Competitor,Competitor offered higher download speeds
1600-JQPR,Competitor,Competitor made better offer
0932-RUVI,Competitor,Competitor made better offer
7885-XCPM,Competitor,Competitor had better devices
2897-EGQE,Competitor,Competitor had better devices
8855-SXCX,Competitor,Competitor offered higher download speeds
7387-OPXU,Competitor,Competitor offered higher download speeds
7062-QUEU,Competitor,Competitor offered higher download speeds
3193-TQXM,Competitor,Competitor offered more data
1068-SBFV,Competitor,Competitor offered more data
2903-UORJ,Competitor,Competitor offered more data
6700-NBZE,Competitor,Competitor made better offer
4547-HEOK,Competitor,Competitor made better offer
4130-YGAL,Price,Price too high
7080-QIHQ,Price,Long distance charges
0161-TWZF,Dissatisfaction,Service dissatisfaction
7007-IFWQ,Attitude,Attitude of support person
6768-OVHM,Dissatisfaction,Network reliability
5066-TOHF,Dissatisfaction,Limited range of services
7322-UZSB,Price,Lack of affordable download/upload speed
7345-RANV,Price,Long distance charges
5381-UBGY,Price,Extra data charges
2801-HNDY,Price,Price too high
1730-EDDE,Dissatisfaction,Product dissatisfaction
1552-SGUS,Competitor,Competitor had better devices
7175-OISN,Dissatisfaction,Lack of self-service on Website
2043-XYRY,Dissatisfaction,Network reliability
4962-SJPR,Other,Don't know
0634-ILYL,Competitor,Competitor had better devices
6702-ZNFI,Competitor,Competitor had better devices
0223-FVOH,Attitude,Attitude of support person
9454-WFYI,Price,Long distance charges
0123-IQZY,Attitude,Attitude of service provider
3938-QCBR,Competitor,Competitor had better devices
8235-FHPP,Competitor,Competitor had better devices
8385-TROC,Competitor,Competitor made better offer
1963-FBWU,Other,Moved
7582-URJM,Other,Moved
6697-ISBM,Other,Moved
6275-HEXE,Competitor,Competitor had better devices
1194-ROHJ,Competitor,Competitor offered higher download speeds
2340-QFSN,Competitor,Competitor offered more data
6922-QDIZ,Competitor,Competitor made better offer
4963-PKUO,Competitor,Competitor had better devices
9474-DATU,Competitor,Competitor had better devices
3382-IGNP,Competitor,Competitor offered higher download speeds
7849-UBSH,Competitor,Competitor offered higher download speeds
6949-SJPA,Competitor,Competitor offered higher download speeds
0144-TNTL,Competitor,Competitor offered more data
0247-COJD,Other,Don't know
3484-BLMM,Competitor,Competitor offered more data
4313-VZVW,Competitor,Competitor made better offer
9245-TECR,Competitor,Competitor made better offer
9268-ALWQ,Other,Don't know
1539-UWJT,Dissatisfaction,Product dissatisfaction
5805-SKYM,Dissatisfaction,Service dissatisfaction
2274-DHZD,Dissatisfaction,Lack of self-service on Website
6429-QRGK,Dissatisfaction,Network reliability
3560-VZCZ,Dissatisfaction,Limited range of services
3182-LTNL,Price,Lack of affordable download/upload speed
2799-IZWN,Price,Long distance charges
1999-KGUT,Competitor,Competitor had better devices
6887-EGXE,Price,Price too high
4114-DZYG,Dissatisfaction,Product dissatisfaction
9345-WPOY,Dissatisfaction,Service dissatisfaction
3321-SIGE,Attitude,Attitude of support person
1106-XAJP,Competitor,Competitor made better offer
6869-NTDN,Other,Don't know
1825-BENT,Competitor,Competitor made better offer
2114-DBRM,Competitor,Competitor made better offer
4525-NKWX,Competitor,Competitor made better offer
5056-IRYY,Competitor,Competitor made better offer
7964-QHWT,Competitor,Competitor made better offer
9066-LPPA,Competitor,Competitor made better offer
9671-NWDE,Competitor,Competitor made better offer
0652-DTAQ,Competitor,Competitor made better offer
8109-TTSP,Other,Don't know
0964-SHEN,Competitor,Competitor made better offer
2238-NENF,Competitor,Competitor made better offer
5464-EZYX,Competitor,Competitor made better offer
7572-EAOW,Competitor,Competitor made better offer
8380-IPGN,Competitor,Competitor made better offer
0820-KUUD,Competitor,Competitor made better offer
6671-HBCN,Competitor,Competitor made better offer
4891-TDDC,Competitor,Competitor made better offer
4470-VSYZ,Competitor,Competitor made better offer
6698-HFRX,Competitor,Competitor made better offer
3094-RMVP,Competitor,Competitor made better offer
5417-OTQN,Dissatisfaction,Lack of self-service on Website
4589-VJEL,Competitor,Competitor had better devices
5334-XQLC,Competitor,Competitor made better offer
0106-TBHV,Competitor,Competitor made better offer
9216-WIKL,Competitor,Competitor made better offer
6316-NJKS,Competitor,Competitor made better offer
6172-ARGW,Attitude,Attitude of support person
2326-VYWK,Competitor,Competitor made better offer
0298-PICD,Competitor,Competitor made better offer
4637-TECD,Other,Don't know
5357-BPCI,Competitor,Competitor made better offer
4369-ZVUR,Competitor,Competitor made better offer
9660-TURB,Competitor,Competitor made better offer
9728-OZMT,Competitor,Competitor made better offer
1669-XUJV,Other,Don't know
7565-XVFG,Competitor,Competitor made better offer
5560-RHYI,Competitor,Competitor made better offer
0508-ZWNY,Competitor,Competitor made better offer
0467-ATZR,Competitor,Competitor made better offer
4024-KGZL,Other,Don't know
2183-AYUA,Competitor,Competitor made better offer
4914-GDRS,Competitor,Competitor made better offer
8934-OEGV,Competitor,Competitor made better offer
3946-PLZN,Competitor,Competitor made better offer
7552-HSAI,Other,Don't know
2696-FJPN,Competitor,Competitor made better offer
6730-BVSP,Other,Don't know
7948-TQRL,Competitor,Competitor made better offer
5556-JEAQ,Competitor,Competitor made better offer
4533-QRDM,Dissatisfaction,Limited range of services
3859-FXIF,Price,Lack of affordable download/upload speed
9640-YTLK,Price,Long distance charges
4540-IVUI,Price,Extra data charges
0884-SRXL,Price,Price too high
4922-UJON,Dissatisfaction,Product dissatisfaction
9779-VHNO,Dissatisfaction,Service dissatisfaction
9567-ZFVW,Dissatisfaction,Lack of self-service on Website
1254-IWUU,Dissatisfaction,Network reliability
7762-VEGZ,Other,Don't know
9750-QURB,Attitude,Attitude of service provider
9737-YYPQ,Attitude,Attitude of support person
1203-VAMR,Competitor,Competitor had better devices
4406-UNDP,Attitude,Attitude of service provider
8748-WVNN,Competitor,Competitor had better devices
1480-JBRO,Competitor,Competitor made better offer
3530-XSTF,Other,Deceased
1315-DKXT,Other,Moved
9992-FVIE,Other,Moved
5824-RIFL,Other,Moved
3968-PZQU,Competitor,Competitor had better devices
0725-WTFB,Competitor,Competitor offered higher download speeds
7874-SBOU,Competitor,Competitor offered more data
3282-UGNW,Competitor,Competitor made better offer
9273-SLLE,Competitor,Competitor had better devices
6663-HLJH,Competitor,Competitor offered higher download speeds
8096-PIIU,Competitor,Competitor offered higher download speeds
7775-JDIF,Competitor,Competitor offered higher download speeds
0526-PLMI,Competitor,Competitor offered more data
6168-MOWG,Competitor,Competitor offered more data
6796-UOCA,Competitor,Competitor made better offer
2647-LVUX,Competitor,Competitor made better offer
5670-IEOU,Price,Price too high
0816-QFNP,Dissatisfaction,Product dissatisfaction
7422-TUIG,Dissatisfaction,Service dissatisfaction
8062-PALD,Dissatisfaction,Lack of self-service on Website
5380-KKWG,Dissatisfaction,Network reliability
4478-UCVB,Dissatisfaction,Limited range of services
1960-WYLU,Price,Lack of affordable download/upload speed
7876-CMCE,Price,Long distance charges
0216-AXYC,Price,Extra data charges
7952-EPXB,Price,Price too high
2651-SYDN,Dissatisfaction,Product dissatisfaction
4727-NNBU,Dissatisfaction,Service dissatisfaction
6015-GCZS,Dissatisfaction,Lack of self-service on Website
5520-IBBZ,Dissatisfaction,Network reliability
2363-PLZW,Other,Don't know
3393-WWSI,Other,Don't know
4732-JCCV,Other,Don't know
3047-DWKQ,Dissatisfaction,Poor expertise of online support
3146-DRDM,Dissatisfaction,Poor expertise of phone support
4412-WZWF,Attitude,Attitude of support person
4105-HDCB,Attitude,Attitude of support person
5141-YFJE,Attitude,Attitude of service provider
2029-KEWB,Price,Long distance charges
7556-GBMD,Competitor,Competitor had better devices
7847-UBTY,Competitor,Competitor had better devices
7885-ILNQ,Competitor,Competitor made better offer
0993-KTKY,Price,Long distance charges
1507-IONC,Competitor,Competitor made better offer
1995-EQOY,Attitude,Attitude of service provider
0638-ZSDN,Attitude,Attitude of support person
6370-DYJS,Attitude,Attitude of support person
9307-QZCU,Competitor,Competitor made better offer
3562-LLWJ,Other,Don't know
9232-XEDE,Attitude,Attitude of service provider
2251-KUYD,Attitude,Attitude of support person
4291-BCOQ,Competitor,Competitor had better devices
0196-FSZZ,Attitude,Attitude of support person
7522-HONA,Attitude,Attitude of service provider
0550-OEVK,Attitude,Attitude of support person
8566-PGMF,Attitude,Attitude of support person
8301-PXLD,Attitude,Attitude of support person
0698-BHEF,Attitude,Attitude of service provider
1695-AYVA,Attitude,Attitude of service provider
9114-XONH,Attitude,Attitude of service provider
2237-XHKZ,Attitude,Attitude of support person
5187-FVMD,Attitude,Attitude of support person
8637-MGQF,Attitude,Attitude of support person
5201-EZBP,Competitor,Competitor had better devices
0757-TKMH,Attitude,Attitude of service provider
0143-REXB,Attitude,Attitude of service provider
1155-PQHF,Attitude,Attitude of support person
2963-AAMI,Competitor,Competitor made better offer
8415-IRWW,Attitude,Attitude of support person
7235-QSPE,Competitor,Competitor had better devices
9674-JWJJ,Price,Long distance charges
7331-YHBP,Competitor,Competitor had better devices
7890-TAAG,Attitude,Attitude of support person
3673-MCWM,Other,Poor expertise of online support
4082-RXME,Competitor,Competitor had better devices
3536-QCDH,Attitude,Attitude of service provider
8752-SOTK,Attitude,Attitude of service provider
1086-PWUP,Attitude,Attitude of service provider
7102-GBMO,Competitor,Competitor had better devices
7912-GVVL,Competitor,Competitor had better devices
5706-UGZJ,Attitude,Attitude of support person
0561-HODW,Attitude,Attitude of service provider
5038-ERGW,Attitude,Attitude of service provider
6489-SPPD,Attitude,Attitude of service provider
7901-AVPH,Attitude,Attitude of support person
1948-YRZJ,Attitude,Attitude of support person
2032-VNWH,Attitude,Attitude of service provider
0840-NWVD,Competitor,Competitor had better devices
1521-TKTJ,Attitude,Attitude of support person
7092-LFEY,Attitude,Attitude of support person
3893-UCKC,Competitor,Competitor had better devices
5791-LDPT,Attitude,Attitude of service provider
6251-INKJ,Competitor,Competitor had better devices
7601-NADC,Attitude,Attitude of service provider
8242-RTVK,Attitude,Attitude of support person
3874-KTRH,Other,Deceased
7103-VJQC,Other,Moved
7577-EYLJ,Other,Moved
6427-CNXM,Competitor,Competitor had better devices
4113-LWUZ,Competitor,Competitor offered higher download speeds
5683-AAVL,Competitor,Competitor offered more data
4377-ZSVZ,Competitor,Competitor made better offer
3296-UOFT,Competitor,Competitor had better devices
3691-FEHX,Competitor,Competitor had better devices
7976-KTZK,Competitor,Competitor offered higher download speeds
0401-XZVJ,Competitor,Competitor offered higher download speeds
1195-HXLO,Competitor,Competitor offered higher download speeds
7818-RPFD,Competitor,Competitor offered more data
7630-LEOL,Competitor,Competitor offered more data
7295-BRJO,Competitor,Competitor made better offer
2354-ZGIH,Competitor,Competitor made better offer
9146-JNAV,Price,Price too high
0023-JOAG,Dissatisfaction,Product dissatisfaction
2380-FIAB,Competitor,Competitor had better devices
2645-BTAL,Attitude,Attitude of support person
2741-WWGC,Dissatisfaction,Network reliability
1204-AQXW,Dissatisfaction,Limited range of services
3885-XBRQ,Price,Lack of affordable download/upload speed
5975-JRNR,Competitor,Competitor had better devices
2356-RAMA,Price,Extra data charges
6860-HJII,Price,Price too high
8088-RZOZ,Price,Long distance charges
4608-XPMP,Dissatisfaction,Service dissatisfaction
3603-ESLN,Attitude,Attitude of support person
1805-VNCZ,Dissatisfaction,Network reliability
5489-ZLNI,Other,Poor expertise of online support
2875-NDQU,Other,Don't know
2857-CAEJ,Other,Don't know
8627-ELIR,Dissatisfaction,Poor expertise of online support
8354-ZVGW,Dissatisfaction,Poor expertise of phone support
7204-XRGR,Competitor,Competitor had better devices
2740-EDRN,Competitor,Competitor offered higher download speeds
5375-EBOI,Competitor,Competitor offered more data
8580-BMIS,Competitor,Competitor made better offer
7262-WZBF,Competitor,Competitor had better devices
2435-XSYR,Competitor,Competitor had better devices
9200-JOUX,Competitor,Competitor offered higher download speeds
4764-KMWU,Competitor,Competitor offered higher download speeds
2132-JBIW,Competitor,Competitor offered higher download speeds
6859-DKXU,Competitor,Competitor offered more data
9200-YNDX,Competitor,Competitor offered more data
4268-GQBZ,Competitor,Competitor offered more data
1472-LCOR,Competitor,Competitor made better offer
1526-SPDQ,Competitor,Competitor made better offer
4312-BCKL,Price,Price too high
8329-IUWI,Dissatisfaction,Product dissatisfaction
7716-EDWR,Dissatisfaction,Service dissatisfaction
9921-QEHV,Competitor,Competitor made better offer
3018-WPIC,Competitor,Competitor had better devices
6445-MGCP,Dissatisfaction,Limited range of services
1445-FTXD,Competitor,Competitor had better devices
8749-BNCD,Competitor,Competitor had better devices
7062-FUCZ,Price,Price too high
5524-UCZB,Dissatisfaction,Product dissatisfaction
4733-GGZM,Dissatisfaction,Service dissatisfaction
3884-FHBV,Dissatisfaction,Lack of self-service on Website
6049-QTJK,Competitor,Competitor had better devices
6015-ZYYT,Other,Don't know
4418-XFVA,Competitor,Competitor had better devices
8215-XPKN,Competitor,Competitor offered higher download speeds
5063-TAAO,Competitor,Competitor offered more data
6199-ZJVC,Competitor,Competitor made better offer
8519-JSVY,Competitor,Competitor had better devices
5685-CXLT,Competitor,Competitor had better devices
1811-NHHY,Competitor,Competitor offered higher download speeds
4136-QNAW,Competitor,Competitor offered higher download speeds
5800-OPUS,Competitor,Competitor offered higher download speeds
7737-BAAR,Competitor,Competitor offered more data
2951-FYJC,Competitor,Competitor offered more data
7763-KKJY,Competitor,Competitor offered more data
2829-FKYR,Competitor,Competitor made better offer
5519-GGFL,Competitor,Competitor made better offer
5934-PHKI,Price,Price too high
1475-YHXB,Dissatisfaction,Product dissatisfaction
8180-PTYX,Dissatisfaction,Service dissatisfaction
4891-MHUQ,Dissatisfaction,Lack of self-service on Website
5062-EXPM,Dissatisfaction,Network reliability
8383-QQIE,Dissatisfaction,Limited range of services
7878-EOSK,Price,Lack of affordable download/upload speed
2940-TNDG,Price,Long distance charges
8343-EZNR,Price,Extra data charges
8660-TXBZ,Price,Price too high
2888-LKAG,Dissatisfaction,Product dissatisfaction
9003-DQCX,Dissatisfaction,Service dissatisfaction
0233-CBDF,Dissatisfaction,Lack of self-service on Website
1837-OFRF,Dissatisfaction,Network reliability
7621-KAMG,Other,Don't know
3529-XGRD,Attitude,Attitude of service provider
4127-FOZI,Attitude,Attitude of support person
4861-BHHD,Attitude,Attitude of support person
0817-LDOA,Attitude,Attitude of support person
6429-MTWP,Attitude,Attitude of service provider
6885-UVOX,Attitude,Attitude of service provider
3184-FDDV,Attitude,Attitude of service provider
2179-ULXY,Attitude,Attitude of support person
4567-JCHC,Competitor,Competitor made better offer
7518-ZTVX,Other,Moved
2282-MQUD,Other,Moved
7882-FLOH,Competitor,Competitor had better devices
4945-EETR,Competitor,Competitor offered higher download speeds
5930-RBRE,Competitor,Competitor offered more data
3185-TLJL,Competitor,Competitor made better offer
5427-FSCD,Competitor,Competitor had better devices
6653-KADX,Competitor,Competitor had better devices
6082-MYFG,Attitude,Attitude of support person
1099-VZGA,Competitor,Competitor offered higher download speeds
1776-TXNR,Competitor,Competitor offered higher download speeds
4223-RBLN,Other,Don't know
3672-JOBB,Competitor,Competitor offered more data
9847-CXKS,Attitude,Attitude of service provider
2652-FNYC,Competitor,Competitor made better offer
5216-XVQL,Competitor,Competitor made better offer
7627-FIFP,Price,Price too high
8567-TQRL,Dissatisfaction,Product dissatisfaction
8424-LVVR,Competitor,Competitor had better devices
3433-UOGX,Competitor,Competitor had better devices
8295-HECF,Attitude,Attitude of support person
4047-DBWY,Dissatisfaction,Limited range of services
1645-SCLE,Price,Lack of affordable download/upload speed
2944-WVAO,Price,Long distance charges
8250-MXBT,Price,Price too high
6438-UMPT,Dissatisfaction,Product dissatisfaction
7190-GQLL,Competitor,Competitor had better devices
1640-SIYF,Dissatisfaction,Network reliability
7268-QSYK,Price,Long distance charges
3324-LVYX,Other,Don't know
9526-YQIR,Other,Don't know
1897-DTRA,Dissatisfaction,Poor expertise of online support
2607-BHAE,Competitor,Competitor had better devices
3764-VTBD,Competitor,Competitor had better devices
7127-DGRJ,Competitor,Competitor offered higher download speeds
9572-AICL,Competitor,Competitor offered more data
2410-JVZX,Competitor,Competitor made better offer
7868-AIOP,Price,Long distance charges
4369-SXWM,Competitor,Competitor had better devices
1805-ZAVD,Competitor,Competitor offered higher download speeds
0990-ZMIZ,Competitor,Competitor offered higher download speeds
1438-ZAAS,Competitor,Competitor offered more data
2668-ECFC,Competitor,Competitor offered more data
0385-XIZP,Competitor,Competitor offered more data
9819-ZOUW,Competitor,Competitor made better offer
4585-KPSG,Competitor,Competitor made better offer
8071-VCBN,Price,Price too high
7013-KXSO,Dissatisfaction,Product dissatisfaction
9438-XVBQ,Dissatisfaction,Service dissatisfaction
5688-NXDU,Attitude,Attitude of support person
0359-RTBV,Dissatisfaction,Network reliability
3799-UROV,Dissatisfaction,Limited range of services
6408-SJEW,Price,Lack of affordable download/upload speed
9298-QPFC,Price,Long distance charges
5202-CFGH,Price,Extra data charges
6389-ZQNB,Price,Price too high
5537-XDIG,Dissatisfaction,Product dissatisfaction
2087-PXYY,Dissatisfaction,Service dissatisfaction
0771-CLEI,Dissatisfaction,Lack of self-service on Website
6776-KCJW,Dissatisfaction,Network reliability
3671-LVLE,Other,Don't know
6761-APVW,Competitor,Competitor had better devices
8201-GPPD,Competitor,Competitor offered higher download speeds
5934-GGME,Competitor,Competitor offered more data
4082-EQZY,Other,Don't know
7568-XIZB,Competitor,Competitor had better devices
9039-MYEL,Competitor,Competitor had better devices
6565-WEVQ,Competitor,Competitor offered higher download speeds
5724-QUGT,Competitor,Competitor offered higher download speeds
8514-QAMO,Competitor,Competitor made better offer
1367-YNMZ,Competitor,Competitor offered more data
4212-ENPJ,Competitor,Competitor offered more data
3290-AXJZ,Competitor,Competitor made better offer
2371-SFMP,Price,Price too high
8840-HRUV,Dissatisfaction,Product dissatisfaction
4693-ZRKF,Dissatisfaction,Service dissatisfaction
7148-KTIB,Dissatisfaction,Lack of self-service on Website
6088-QQOA,Dissatisfaction,Network reliability
3746-MAXW,Competitor,Competitor made better offer
8590-NVOC,Price,Lack of affordable download/upload speed
8968-NLOZ,Price,Long distance charges
6646-DYMO,Price,Extra data charges
6045-UZKF,Price,Price too high
9963-ZUBM,Price,Long distance charges
0309-GEPB,Dissatisfaction,Service dissatisfaction
2731-EZZS,Dissatisfaction,Lack of self-service on Website
6605-SXZC,Dissatisfaction,Network reliability
8744-CPDY,Other,Don't know
1684-QYEM,Attitude,Attitude of service provider
5640-PLIL,Attitude,Attitude of support person
3767-DLLW,Other,Don't know
0713-PJUU,Attitude,Attitude of service provider
0342-YJTB,Other,Don't know
1355-ELAD,Competitor,Competitor made better offer
1806-IVIQ,Competitor,Competitor made better offer
2330-SQWN,Competitor,Competitor made better offer
1139-JTEX,Competitor,Competitor made better offer
8161-PLGM,Competitor,Competitor made better offer
3590-QGRJ,Competitor,Competitor made better offer
0173-UTGH,Competitor,Competitor made better offer
3702-PTNU,Competitor,Competitor made better offer
3349-QAWI,Competitor,Competitor made better offer
8760-PEBG,Competitor,Competitor had better devices
9500-SHSC,Competitor,Competitor had better devices
5687-GTJG,Competitor,Competitor offered higher download speeds
6847-OMMC,Competitor,Competitor offered higher download speeds
3424-AKZO,Competitor,Competitor offered higher download speeds
6632-BBJS,Competitor,Competitor offered more data
2554-IOCO,Competitor,Competitor offered more data
6105-RHWJ,Competitor,Competitor offered more data
8363-PWIY,Competitor,Competitor made better offer
6182-ANHX,Competitor,Competitor made better offer
7669-QUUH,Other,Moved
7147-KMNQ,Other,Moved
1640-QVSG,Other,Moved
0522-GCYT,Competitor,Competitor had better devices
8912-QCKJ,Competitor,Competitor had better devices
3368-UWVA,Competitor,Competitor had better devices
2437-ACRF,Competitor,Competitor offered higher download speeds
7915-BTJX,Competitor,Competitor offered more data
7430-ILYS,Competitor,Competitor had better devices
9667-BGFY,Competitor,Competitor offered more data
6776-RQHY,Competitor,Competitor made better offer
0554-OCTQ,Competitor,Competitor made better offer
5203-KJFW,Price,Price too high
2486-TDYT,Competitor,Competitor had better devices
1923-RMNY,Dissatisfaction,Service dissatisfaction
1629-MVCD,Attitude,Attitude of support person
5308-TTWS,Dissatisfaction,Limited range of services
3138-XTSW,Price,Long distance charges
9757-JQHE,Price,Extra data charges
4097-BQQN,Price,Price too high
6199-RZCG,Dissatisfaction,Product dissatisfaction
1270-NUXR,Competitor,Competitor had better devices
1781-QJOG,Other,Don't know
6784-GCMH,Competitor,Competitor had better devices
5022-QIBT,Price,Price too high
4361-JRVC,Dissatisfaction,Product dissatisfaction
0204-QLHK,Attitude,Attitude of support person
6338-PCBX,Dissatisfaction,Limited range of services
1887-LMPY,Price,Lack of affordable download/upload speed
4315-OTHE,Price,Extra data charges
0791-CDDW,Competitor,Competitor had better devices
2012-AQZP,Dissatisfaction,Service dissatisfaction
3781-DXEC,Attitude,Attitude of support person
3756-ULHU,Dissatisfaction,Network reliability
1427-ZIJA,Other,Don't know
5399-NCNB,Dissatisfaction,Poor expertise of phone support
4644-KCHB,Dissatisfaction,Product dissatisfaction
3898-ZSGA,Attitude,Attitude of support person
0986-DICX,Competitor,Competitor had better devices
6749-CQFW,Dissatisfaction,Service dissatisfaction
4706-WRAV,Dissatisfaction,Network reliability
6518-EUTS,Price,Extra data charges
1209-EMZE,Attitude,Attitude of support person
8634-ZWQD,Attitude,Attitude of service provider
6287-OJSI,Price,Price too high
7030-ZHZP,Other,Poor expertise of online support
9215-PRKX,Dissatisfaction,Service dissatisfaction
4471-GWGP,Competitor,Competitor made better offer
0543-LBNI,Dissatisfaction,Product dissatisfaction
0356-VNNH,Dissatisfaction,Service dissatisfaction
8807-TFMQ,Attitude,Attitude of support person
0000-XZWZ,Dissatisfaction,Service dissatisfaction
5095-HETY,Price,Price too high
5495-FJFO,Dissatisfaction,Product dissatisfaction
6953-KEFE,Competitor,Competitor made better offer
4331-ZHVQ,Dissatisfaction,Lack of self-service on Website
6780-ZNGE,Attitude,Attitude of support person
0847-DDSN,Dissatisfaction,Lack of self-service on Website
3263-AVOC,Price,Long distance charges
2912-UWHS,Competitor,Competitor had better devices
5571-SUVC,Competitor,Competitor had better devices
5781-QVZZ,Dissatisfaction,Service dissatisfaction
7550-EEEH,Attitude,Attitude of support person
0809-SADG,Other,Don't know
9700-URQB,Competitor,Competitor had better devices
8244-BRGB,Price,Long distance charges
6110-AHBV,Competitor,Competitor made better offer
8205-IEGL,Dissatisfaction,Network reliability
2752-LEQU,Competitor,Competitor made better offer
2519-GZCT,Dissatisfaction,Network reliability
2824-MUSA,Price,Long distance charges
5045-GYIY,Attitude,Attitude of support person
6071-CNRS,Competitor,Competitor made better offer
6182-QLCX,Competitor,Competitor made better offer
1610-HDZU,Competitor,Competitor made better offer
5488-TQKO,Attitude,Attitude of support person
6172-LGXF,Other,Don't know
9790-BALD,Competitor,Competitor had better devices
0516-UZMK,Attitude,Attitude of support person
6570-VCXP,Attitude,Attitude of service provider
8445-UDGJ,Attitude,Attitude of service provider
7523-NVOJ,Price,Long distance charges
1354-EURY,Attitude,Attitude of service provider
9300-VEOD,Attitude,Attitude of support person
8083-VCUW,Attitude,Attitude of service provider
6422-MAFN,Other,Moved
2424-WMEU,Competitor,Competitor offered more data
7223-IAZO,Price,Extra data charges
2044-UCGH,Other,Moved
3059-FTFJ,Price,Extra data charges
8708-NXSF,Dissatisfaction,Service dissatisfaction
2940-QHVU,Competitor,Competitor offered higher download speeds
3033-TMYG,Competitor,Competitor offered higher download speeds
7029-XDVM,Competitor,Competitor made better offer
6614-NAJG,Attitude,Attitude of support person
5104-AGDX,Competitor,Competitor made better offer
